Age,Sex,Arrival mode,Injury,Mental,Pain,NRS_pain,SBP,DBP,HR,RR,BT,Saturation,true_level,predicted_level,chief_complaint
53.0,2.0,2.0,2.0,1.0,1.0,4.0,130.0,80.0,100.0,20.0,36.4,97.0,3,4,open wound
24.0,1.0,3.0,1.0,1.0,1.0,5.0,110.0,66.0,125.0,20.0,37.0,98.0,3,4,skin rash
16.0,2.0,2.0,1.0,1.0,0.0,4.0,162.0,75.0,75.0,20.0,36.0,98.0,3,4,syncope
30.0,1.0,1.0,2.0,1.0,1.0,1.0,113.0,71.0,76.0,20.0,36.5,98.0,3,4,needle stick injury
68.0,1.0,3.0,1.0,1.0,1.0,2.0,119.0,60.0,93.0,16.0,36.8,98.0,3,4,palpitation
59.0,2.0,3.0,1.0,1.0,1.0,3.0,156.0,97.0,126.0,22.0,38.0,98.0,2,4,fever
83.0,1.0,2.0,1.0,3.0,1.0,3.0,165.0,80.0,93.0,20.0,37.0,98.0,2,4,abd pain
59.0,1.0,3.0,1.0,1.0,1.0,3.0,132.0,65.0,85.0,20.0,38.3,98.0,3,4,fever
70.0,1.0,2.0,1.0,2.0,1.0,3.0,130.0,80.0,96.0,22.0,36.3,78.0,1,2,dyspnea
23.0,2.0,3.0,1.0,1.0,1.0,3.0,199.0,93.0,80.0,20.0,37.1,98.0,3,4,vomiting
25.0,2.0,3.0,2.0,1.0,1.0,3.0,138.0,71.0,76.0,20.0,36.0,98.0,4,5,lip laceration
26.0,1.0,4.0,1.0,1.0,1.0,3.0,120.0,80.0,84.0,20.0,36.6,98.0,3,4,right lower quadrant abdominal pain
22.0,1.0,3.0,1.0,1.0,1.0,4.0,110.0,70.0,84.0,20.0,36.5,99.0,3,4,watery diarrhea
20.0,1.0,2.0,1.0,1.0,1.0,4.0,100.0,70.0,84.0,20.0,37.6,98.0,3,4,ha - headache
22.0,1.0,3.0,2.0,1.0,1.0,4.0,110.0,70.0,74.0,20.0,36.4,98.0,3,4,both eye pain
29.0,2.0,3.0,1.0,1.0,1.0,4.0,110.0,70.0,110.0,20.0,36.4,98.0,4,5,leg pain left
75.0,1.0,3.0,1.0,1.0,1.0,4.0,150.0,80.0,64.0,20.0,36.5,97.0,3,4,fever
27.0,2.0,3.0,2.0,1.0,1.0,4.0,136.0,77.0,73.0,18.0,36.7,98.0,3,4,"pain, low back"
44.0,2.0,2.0,2.0,1.0,1.0,4.0,110.0,70.0,78.0,20.0,36.9,99.0,3,4,"low back pain, undetermined"
59.0,2.0,4.0,2.0,1.0,1.0,5.0,100.0,60.0,64.0,18.0,36.6,100.0,2,4,both wrist pain
78.0,1.0,1.0,2.0,1.0,1.0,5.0,150.0,86.0,102.0,16.0,37.2,98.0,3,4,elbow injury
32.0,2.0,1.0,1.0,1.0,1.0,5.0,122.0,73.0,109.0,20.0,39.8,98.0,2,3,fever
22.0,2.0,2.0,2.0,1.0,1.0,6.0,110.0,70.0,80.0,20.0,36.0,97.0,3,4,h-headache
58.0,1.0,3.0,2.0,1.0,1.0,6.0,150.0,100.0,88.0,20.0,36.3,98.0,3,4,occipital area headache
73.0,2.0,3.0,1.0,1.0,1.0,7.0,214.0,93.0,81.0,16.0,37.1,98.0,3,4,both leg pain
19.0,2.0,4.0,2.0,1.0,1.0,7.0,80.0,50.0,110.0,22.0,36.0,98.0,2,4,open wound
24.0,1.0,3.0,1.0,1.0,1.0,8.0,178.0,105.0,119.0,20.0,37.2,98.0,3,4,leg pain left
32.0,2.0,3.0,1.0,1.0,1.0,8.0,108.0,80.0,76.0,18.0,36.2,98.0,2,3,headache
81.0,1.0,1.0,2.0,1.0,1.0,8.0,135.0,66.0,58.0,16.0,36.1,98.0,3,4,arm injury
54.0,2.0,3.0,1.0,1.0,1.0,10.0,152.0,96.0,50.0,16.0,36.7,98.0,2,3,ha
48.0,2.0,2.0,1.0,1.0,0.0,4.0,130.0,80.0,82.0,20.0,36.5,98.0,1,3,dyspnea
79.0,2.0,1.0,1.0,1.0,0.0,4.0,214.0,95.0,66.0,20.0,37.2,98.0,2,3,general weakness
60.0,2.0,2.0,1.0,1.0,0.0,4.0,210.0,114.0,97.0,18.0,37.4,98.0,3,4,general weakness
67.0,2.0,3.0,1.0,1.0,0.0,4.0,143.0,70.0,130.0,20.0,38.1,98.0,2,3,fever & chill
75.0,1.0,4.0,1.0,1.0,0.0,4.0,100.0,60.0,92.0,20.0,38.0,96.0,2,3,fever
80.0,2.0,4.0,1.0,1.0,0.0,4.0,140.0,90.0,32.0,20.0,36.7,97.0,2,3,dyspnea
82.0,2.0,4.0,1.0,1.0,0.0,4.0,150.0,100.0,116.0,26.0,37.0,68.0,1,2,dyspnea
90.0,1.0,2.0,1.0,1.0,1.0,4.0,65.0,45.0,100.0,30.0,36.0,98.0,1,2,acute dyspnea
57.0,2.0,1.0,1.0,1.0,0.0,4.0,123.0,78.0,82.0,20.0,36.2,98.0,3,5,vomiting
70.0,2.0,3.0,1.0,1.0,0.0,4.0,100.0,60.0,60.0,20.0,36.0,98.0,2,3,diffuse chest discomfort
73.0,2.0,3.0,1.0,1.0,0.0,4.0,140.0,80.0,86.0,24.0,36.4,89.0,2,3,dyspnea
36.0,1.0,5.0,2.0,1.0,0.0,4.0,143.0,78.0,98.0,20.0,36.9,98.0,2,3,suicidal attempt
35.0,1.0,3.0,1.0,1.0,0.0,4.0,123.0,73.0,98.0,20.0,38.2,98.0,2,4,fever
57.0,2.0,4.0,1.0,1.0,0.0,4.0,90.0,60.0,128.0,22.0,36.0,99.0,2,3,generalized abdominal pain
77.0,1.0,4.0,1.0,3.0,0.0,4.0,130.0,80.0,82.0,24.0,37.4,98.0,1,2,melena
80.0,1.0,4.0,1.0,3.0,0.0,4.0,100.0,60.0,100.0,20.0,36.6,98.0,1,3,dyspnea
56.0,1.0,2.0,1.0,1.0,0.0,4.0,100.0,60.0,90.0,20.0,36.4,98.0,2,3,amnesia
30.0,1.0,3.0,1.0,1.0,1.0,4.0,120.0,70.0,95.0,20.0,36.5,100.0,3,4,headache
43.0,2.0,3.0,1.0,1.0,0.0,4.0,130.0,80.0,82.0,20.0,36.5,98.0,2,5,"erection, penile"
58.0,2.0,2.0,1.0,2.0,0.0,4.0,90.0,50.0,74.0,20.0,36.2,99.0,2,3,melena
58.0,2.0,3.0,1.0,1.0,0.0,4.0,130.0,80.0,36.0,20.0,36.2,97.0,2,3,dyspnea
78.0,1.0,2.0,1.0,1.0,1.0,2.0,130.0,80.0,82.0,16.0,35.9,98.0,2,4,??
49.0,2.0,3.0,1.0,1.0,1.0,2.0,140.0,80.0,68.0,20.0,36.5,98.0,3,4,rt side numbness
52.0,1.0,3.0,1.0,1.0,1.0,2.0,134.0,81.0,78.0,20.0,36.8,98.0,2,4,vaginal bleeding
54.0,2.0,3.0,2.0,1.0,1.0,2.0,130.0,90.0,80.0,20.0,36.4,99.0,3,4,"flank pain, rt."
79.0,2.0,2.0,2.0,4.0,1.0,2.0,160.0,90.0,88.0,20.0,36.4,99.0,1,2,mental change
75.0,2.0,3.0,1.0,1.0,1.0,3.0,168.0,87.0,65.0,20.0,36.8,98.0,3,4,headache
22.0,1.0,3.0,1.0,1.0,1.0,3.0,114.0,79.0,119.0,20.0,37.1,98.0,3,4,vaginal bleeding
29.0,1.0,4.0,2.0,1.0,1.0,3.0,131.0,63.0,82.0,20.0,37.0,98.0,3,4,vaginal spotting
32.0,1.0,4.0,1.0,1.0,1.0,3.0,110.0,70.0,64.0,20.0,36.9,99.0,3,4,right monoparesis
35.0,1.0,3.0,1.0,1.0,1.0,3.0,100.0,70.0,83.0,20.0,37.0,97.0,2,4,chest pain nos (finding)
37.0,2.0,4.0,1.0,1.0,1.0,3.0,140.0,80.0,105.0,20.0,36.8,98.0,3,4,loc - loss of consciousness
39.0,1.0,3.0,1.0,1.0,1.0,3.0,157.0,109.0,86.0,22.0,36.8,98.0,3,4,cough
42.0,1.0,3.0,1.0,1.0,1.0,3.0,129.0,83.0,70.0,20.0,36.8,98.0,3,4,"bleeding, knee"
44.0,1.0,3.0,1.0,1.0,1.0,3.0,120.0,80.0,72.0,20.0,36.9,98.0,3,4,abd. pain
48.0,2.0,3.0,1.0,1.0,1.0,3.0,120.0,70.0,100.0,20.0,36.4,96.0,4,5,foreign body sense
48.0,2.0,2.0,2.0,1.0,1.0,3.0,130.0,80.0,110.0,20.0,36.6,97.0,3,4,open wound
50.0,1.0,2.0,1.0,1.0,1.0,3.0,138.0,98.0,68.0,20.0,36.0,98.0,3,4,whirling type vertigo
56.0,2.0,3.0,1.0,1.0,1.0,3.0,110.0,70.0,94.0,20.0,36.2,98.0,4,5,abd. distension
57.0,2.0,3.0,2.0,1.0,1.0,3.0,110.0,70.0,84.0,20.0,36.0,97.0,4,5,"ocular pain, rt."
59.0,1.0,3.0,1.0,1.0,1.0,3.0,142.0,89.0,135.0,20.0,36.8,98.0,3,4,llq pain
60.0,2.0,3.0,1.0,1.0,1.0,3.0,150.0,100.0,88.0,20.0,36.0,98.0,3,4,rt hemiparesis
62.0,2.0,3.0,1.0,1.0,1.0,3.0,110.0,70.0,67.0,20.0,36.0,96.0,2,4,dyspnea
66.0,2.0,3.0,1.0,1.0,1.0,3.0,130.0,80.0,80.0,20.0,36.5,97.0,3,4,loc - loss of consciousness
68.0,2.0,2.0,1.0,1.0,1.0,3.0,110.0,70.0,62.0,22.0,36.0,95.0,2,4,loc
69.0,1.0,2.0,1.0,1.0,1.0,3.0,170.0,100.0,80.0,20.0,36.2,99.0,3,4,dizziness
70.0,2.0,2.0,1.0,1.0,1.0,3.0,138.0,70.0,78.0,20.0,37.0,98.0,3,4,left thigh swelling
72.0,1.0,4.0,1.0,1.0,1.0,3.0,100.0,60.0,106.0,20.0,36.1,93.0,2,3,dyspnea
72.0,1.0,3.0,1.0,1.0,1.0,3.0,140.0,100.0,51.0,20.0,36.0,100.0,2,4,general weakness
75.0,2.0,2.0,1.0,1.0,1.0,3.0,158.0,59.0,76.0,20.0,39.5,98.0,3,4,fever
76.0,2.0,2.0,1.0,1.0,1.0,3.0,140.0,100.0,100.0,20.0,36.6,98.0,2,4,left side motor weakness
76.0,2.0,2.0,1.0,1.0,1.0,3.0,110.0,70.0,61.0,20.0,36.4,98.0,2,4,dyspnea
80.0,2.0,3.0,1.0,1.0,1.0,3.0,120.0,80.0,118.0,20.0,36.0,76.0,2,3,dyspnea
82.0,1.0,2.0,1.0,1.0,1.0,3.0,140.0,100.0,64.0,20.0,36.3,96.0,3,4,both eyelid swelling
84.0,1.0,3.0,1.0,1.0,1.0,3.0,110.0,80.0,92.0,20.0,36.9,97.0,3,4,cough
52.0,2.0,2.0,1.0,1.0,1.0,4.0,155.0,88.0,105.0,20.0,37.8,98.0,3,4,distended abdomen
56.0,2.0,2.0,1.0,1.0,1.0,4.0,102.0,90.0,100.0,20.0,36.0,98.0,4,5,ascites tapping
24.0,2.0,3.0,1.0,1.0,1.0,4.0,120.0,80.0,88.0,20.0,36.4,97.0,3,4,convulsion
24.0,2.0,3.0,2.0,1.0,1.0,4.0,120.0,80.0,80.0,20.0,36.0,98.0,2,4,nausea
34.0,1.0,3.0,1.0,1.0,1.0,4.0,148.0,82.0,85.0,20.0,36.2,98.0,3,4,cough
37.0,1.0,4.0,1.0,1.0,1.0,4.0,90.0,60.0,86.0,20.0,36.0,98.0,2,3,epigastric pain
40.0,2.0,3.0,1.0,1.0,1.0,4.0,100.0,60.0,72.0,20.0,36.6,98.0,3,4,throat pain
46.0,2.0,4.0,1.0,1.0,1.0,4.0,100.0,60.0,52.0,20.0,36.8,96.0,2,3,dizziness
61.0,2.0,2.0,2.0,1.0,1.0,4.0,130.0,80.0,88.0,20.0,36.6,97.0,3,4,open wound
66.0,2.0,2.0,2.0,2.0,1.0,4.0,149.0,94.0,78.0,20.0,36.3,98.0,3,4,head injury
82.0,1.0,2.0,1.0,1.0,1.0,4.0,140.0,90.0,64.0,22.0,36.4,96.0,2,3,dyspnea
68.0,1.0,3.0,1.0,1.0,1.0,5.0,167.0,80.0,74.0,18.0,36.7,98.0,3,4,vomiting
22.0,1.0,2.0,2.0,1.0,1.0,5.0,106.0,69.0,71.0,16.0,36.5,98.0,3,4,headache
25.0,2.0,3.0,1.0,1.0,1.0,5.0,152.0,88.0,90.0,20.0,36.0,98.0,3,4,rlq pain
34.0,2.0,1.0,2.0,1.0,1.0,5.0,145.0,84.0,65.0,16.0,36.6,98.0,3,4,head injury
47.0,2.0,2.0,2.0,1.0,1.0,5.0,116.0,60.0,57.0,16.0,36.8,98.0,3,4,backache
60.0,2.0,3.0,2.0,1.0,1.0,5.0,159.0,94.0,74.0,20.0,36.5,98.0,3,4,"pain, ?nus"
78.0,2.0,3.0,1.0,1.0,1.0,5.0,146.0,63.0,110.0,20.0,37.4,98.0,3,4,headache
18.0,2.0,1.0,2.0,1.0,1.0,6.0,157.0,72.0,103.0,18.0,36.6,98.0,3,4,visual disturbance
29.0,1.0,3.0,2.0,1.0,1.0,6.0,140.0,100.0,84.0,20.0,36.5,98.0,3,4,foreign body ingestion
47.0,2.0,2.0,2.0,1.0,1.0,6.0,110.0,80.0,78.0,20.0,36.0,94.0,2,4,lower extremity paraparesis
47.0,2.0,3.0,2.0,1.0,1.0,6.0,120.0,80.0,76.0,20.0,36.3,96.0,3,4,foreign body sense
50.0,2.0,4.0,1.0,1.0,1.0,6.0,120.0,60.0,64.0,20.0,36.5,97.0,2,3,upper back pain
61.0,2.0,4.0,2.0,1.0,1.0,6.0,130.0,80.0,82.0,20.0,36.5,98.0,1,3,abd pain
66.0,2.0,2.0,2.0,1.0,1.0,6.0,86.0,44.0,66.0,20.0,36.3,98.0,3,4,facial injury
69.0,1.0,3.0,1.0,1.0,1.0,6.0,160.0,100.0,72.0,20.0,36.4,98.0,2,3,epigastric pain
80.0,1.0,2.0,1.0,1.0,1.0,7.0,144.0,94.0,96.0,20.0,36.8,98.0,3,4,general weakness
88.0,1.0,3.0,2.0,1.0,1.0,7.0,149.0,66.0,95.0,20.0,36.0,98.0,3,4,"pain, shoulder"
55.0,1.0,2.0,2.0,1.0,1.0,8.0,202.0,102.0,71.0,18.0,37.3,98.0,3,4,finger pain
56.0,2.0,2.0,1.0,1.0,1.0,8.0,114.0,71.0,112.0,28.0,38.1,98.0,2,3,abdomen pain
58.0,1.0,3.0,1.0,1.0,1.0,10.0,134.0,90.0,84.0,16.0,37.0,98.0,2,3,ha
56.0,2.0,2.0,1.0,1.0,0.0,4.0,115.0,78.0,90.0,20.0,36.0,98.0,2,3,hematemesis
67.0,2.0,3.0,1.0,2.0,0.0,4.0,153.0,64.0,100.0,20.0,37.8,98.0,2,3,sleeping tendency
68.0,1.0,3.0,1.0,1.0,0.0,4.0,141.0,83.0,61.0,16.0,36.8,98.0,2,3,hematochezia
59.0,2.0,2.0,1.0,2.0,0.0,4.0,182.0,74.0,115.0,18.0,36.0,98.0,2,3,post seizure
59.0,2.0,3.0,1.0,1.0,0.0,4.0,143.0,90.0,97.0,18.0,37.3,98.0,4,5,"retention, bladder"
79.0,1.0,2.0,1.0,4.0,0.0,4.0,80.0,45.0,61.0,20.0,36.0,98.0,1,2,mental change
81.0,2.0,2.0,2.0,1.0,1.0,4.0,90.0,55.0,53.0,20.0,36.0,98.0,3,4,right hip pain
34.0,2.0,3.0,1.0,1.0,0.0,4.0,275.0,154.0,120.0,28.0,38.1,98.0,2,3,dyspnea
46.0,2.0,2.0,1.0,2.0,0.0,4.0,132.0,89.0,62.0,18.0,36.7,98.0,2,3,hypoglycemic symptom
76.0,2.0,3.0,1.0,1.0,0.0,4.0,168.0,78.0,81.0,20.0,36.5,98.0,3,4,general weakness
76.0,2.0,2.0,1.0,1.0,0.0,4.0,116.0,85.0,112.0,28.0,37.0,98.0,2,3,dyspnea
80.0,1.0,2.0,1.0,1.0,0.0,4.0,130.0,80.0,87.0,28.0,36.8,98.0,2,3,dyspnea
82.0,1.0,2.0,1.0,1.0,0.0,4.0,181.0,74.0,61.0,22.0,36.3,98.0,2,3,dyspnea
19.0,1.0,3.0,1.0,1.0,0.0,4.0,132.0,78.0,91.0,20.0,36.5,98.0,4,5,eye discomfort
20.0,1.0,3.0,2.0,1.0,0.0,4.0,150.0,87.0,115.0,18.0,36.5,98.0,3,4,sexual abuse of adult
21.0,2.0,3.0,2.0,2.0,0.0,4.0,113.0,55.0,87.0,18.0,36.9,98.0,2,4,"di, drug intoxication"
22.0,1.0,3.0,1.0,1.0,0.0,4.0,100.0,60.0,84.0,20.0,37.3,98.0,4,5,skin rash
24.0,1.0,3.0,1.0,1.0,0.0,4.0,120.0,75.0,84.0,16.0,36.9,98.0,3,4,vomiting
25.0,1.0,1.0,2.0,1.0,0.0,4.0,103.0,66.0,80.0,18.0,37.0,98.0,3,4,sexual violence
27.0,2.0,2.0,1.0,1.0,0.0,4.0,163.0,99.0,86.0,16.0,37.1,98.0,2,3,hematemesis
27.0,2.0,3.0,1.0,1.0,0.0,4.0,86.0,77.0,97.0,16.0,37.3,98.0,2,4,fever
27.0,1.0,3.0,1.0,1.0,0.0,4.0,110.0,69.0,96.0,20.0,36.2,98.0,3,4,suicidal attempt
29.0,1.0,2.0,1.0,1.0,0.0,4.0,110.0,70.0,80.0,20.0,36.0,98.0,4,5,hallucination
32.0,1.0,3.0,1.0,1.0,0.0,4.0,117.0,68.0,108.0,18.0,36.8,98.0,3,4,fever
32.0,2.0,3.0,1.0,1.0,0.0,4.0,164.0,90.0,111.0,20.0,36.0,98.0,3,4,post seizure
35.0,1.0,1.0,1.0,1.0,0.0,4.0,124.0,75.0,86.0,20.0,36.6,98.0,3,5,anxiety
36.0,1.0,3.0,2.0,1.0,0.0,4.0,129.0,69.0,58.0,16.0,36.7,98.0,3,4,vaginal bleeding
39.0,1.0,3.0,1.0,1.0,0.0,4.0,96.0,78.0,86.0,16.0,36.2,98.0,2,3,vaginal bleeding
40.0,1.0,3.0,2.0,1.0,0.0,4.0,133.0,107.0,127.0,28.0,37.2,98.0,3,4,sexual violence
41.0,2.0,2.0,2.0,1.0,0.0,4.0,158.0,93.0,89.0,16.0,36.7,98.0,3,4,facial injury
41.0,2.0,3.0,1.0,1.0,0.0,4.0,204.0,115.0,118.0,20.0,36.8,98.0,3,5,"distension, abd"
42.0,1.0,2.0,1.0,1.0,0.0,4.0,130.0,80.0,82.0,16.0,37.0,98.0,2,3,left side weakness
43.0,2.0,3.0,1.0,1.0,0.0,4.0,126.0,81.0,86.0,20.0,36.8,98.0,4,5,??
45.0,1.0,3.0,1.0,1.0,0.0,4.0,105.0,62.0,93.0,20.0,38.6,98.0,3,4,fever
46.0,2.0,3.0,2.0,1.0,0.0,4.0,120.0,80.0,80.0,20.0,36.5,98.0,2,4,chemical burn
48.0,1.0,2.0,1.0,1.0,0.0,4.0,160.0,90.0,66.0,20.0,36.6,98.0,2,3,lt. hemiparesis
48.0,2.0,3.0,2.0,1.0,0.0,4.0,210.0,112.0,79.0,20.0,37.6,98.0,4,5,facial injury
49.0,2.0,4.0,1.0,1.0,0.0,4.0,130.0,80.0,78.0,18.0,36.2,99.0,2,3,hematemesis
49.0,1.0,2.0,2.0,1.0,0.0,4.0,114.0,76.0,109.0,18.0,36.5,98.0,2,4,suicidal attempt
50.0,1.0,3.0,1.0,1.0,0.0,4.0,140.0,73.0,91.0,22.0,37.4,98.0,3,5,urticarial rash
52.0,2.0,4.0,1.0,1.0,0.0,4.0,190.0,100.0,80.0,20.0,36.0,98.0,2,3,melena
52.0,2.0,4.0,1.0,1.0,0.0,4.0,119.0,68.0,86.0,16.0,36.5,98.0,2,3,hematemesis
52.0,2.0,2.0,1.0,1.0,0.0,4.0,100.0,60.0,100.0,20.0,36.6,98.0,2,3,hematemesis
53.0,2.0,3.0,1.0,1.0,0.0,4.0,110.0,60.0,74.0,20.0,36.6,95.0,2,3,"abnormality, visual acuity"
53.0,2.0,2.0,2.0,1.0,0.0,4.0,161.0,97.0,64.0,20.0,36.7,98.0,3,4,head injury
53.0,1.0,3.0,2.0,1.0,0.0,4.0,130.0,80.0,80.0,18.0,36.1,97.0,2,3,dizziness
54.0,1.0,4.0,2.0,1.0,0.0,4.0,130.0,80.0,101.0,20.0,36.5,96.0,2,3,d - diarrhea
54.0,2.0,2.0,2.0,1.0,0.0,4.0,169.0,110.0,100.0,20.0,36.9,98.0,3,4,dysarthria
55.0,1.0,3.0,1.0,1.0,0.0,4.0,137.0,78.0,80.0,20.0,36.4,98.0,4,5,urinary sx.-symptom
56.0,1.0,3.0,1.0,1.0,0.0,4.0,107.0,65.0,83.0,20.0,36.0,98.0,4,5,voiding difficulty
56.0,1.0,3.0,1.0,1.0,0.0,4.0,120.0,70.0,78.0,20.0,36.6,97.0,4,5,urticarial rash
57.0,2.0,3.0,2.0,1.0,0.0,4.0,157.0,97.0,82.0,20.0,36.0,98.0,2,4,eye trauma
58.0,1.0,2.0,1.0,1.0,0.0,4.0,160.0,100.0,94.0,22.0,36.4,98.0,2,3,vomiting
58.0,2.0,3.0,1.0,1.0,0.0,4.0,130.0,90.0,72.0,20.0,36.4,98.0,2,3,dizziness
58.0,1.0,4.0,1.0,1.0,0.0,4.0,160.0,100.0,84.0,20.0,36.7,98.0,2,3,right motor weakness
60.0,1.0,3.0,1.0,1.0,0.0,4.0,149.0,75.0,85.0,20.0,36.4,98.0,3,5,facial palsy left
60.0,1.0,3.0,1.0,1.0,0.0,4.0,140.0,80.0,82.0,20.0,36.0,98.0,4,5,fever
61.0,2.0,2.0,2.0,1.0,0.0,4.0,136.0,71.0,81.0,20.0,37.1,98.0,2,5,dental problem
63.0,2.0,3.0,1.0,1.0,0.0,4.0,160.0,100.0,90.0,20.0,36.4,98.0,2,3,rt. side motor weakness
64.0,1.0,1.0,1.0,1.0,0.0,4.0,155.0,106.0,100.0,18.0,36.6,98.0,2,3,rigth side weakness
65.0,1.0,4.0,1.0,1.0,0.0,4.0,130.0,80.0,90.0,22.0,36.9,97.0,2,3,hematemesis
66.0,2.0,2.0,1.0,1.0,0.0,4.0,120.0,80.0,90.0,20.0,36.2,98.0,2,3,lt. side weakness
66.0,2.0,3.0,1.0,1.0,0.0,4.0,162.0,97.0,81.0,20.0,36.8,98.0,2,3,hematemesis
66.0,2.0,3.0,1.0,1.0,0.0,4.0,97.0,57.0,85.0,20.0,37.3,98.0,4,5,myalgia
69.0,2.0,4.0,1.0,1.0,0.0,4.0,110.0,70.0,120.0,20.0,36.4,99.0,2,3,general weakness
70.0,1.0,3.0,1.0,1.0,0.0,4.0,180.0,100.0,80.0,20.0,36.0,98.0,2,3,dz - dizziness
71.0,1.0,3.0,1.0,1.0,0.0,4.0,102.0,58.0,108.0,28.0,36.6,98.0,2,3,dyspnea
71.0,1.0,3.0,1.0,1.0,0.0,4.0,220.0,123.0,102.0,20.0,36.0,98.0,2,3,l side weakness
72.0,2.0,3.0,1.0,1.0,0.0,4.0,120.0,80.0,94.0,20.0,38.4,98.0,3,4,fever
72.0,2.0,3.0,1.0,1.0,0.0,4.0,123.0,87.0,64.0,20.0,36.8,98.0,2,3,bst high
74.0,1.0,2.0,1.0,1.0,0.0,4.0,86.0,64.0,80.0,20.0,37.4,98.0,2,3,dizziness
76.0,2.0,2.0,1.0,1.0,0.0,4.0,120.0,70.0,60.0,20.0,36.3,98.0,2,3,rt. side motor weakness
81.0,2.0,2.0,1.0,1.0,0.0,4.0,156.0,76.0,75.0,16.0,36.3,98.0,2,3,syncope
81.0,1.0,2.0,1.0,1.0,0.0,4.0,205.0,100.0,76.0,20.0,36.0,98.0,2,3,hypoglycemic symptom
82.0,1.0,3.0,1.0,1.0,0.0,4.0,127.0,62.0,79.0,16.0,36.0,98.0,2,3,?? ???
83.0,1.0,2.0,1.0,1.0,0.0,4.0,150.0,100.0,84.0,20.0,36.8,97.0,1,2,mental change
95.0,1.0,7.0,1.0,1.0,0.0,4.0,137.0,71.0,58.0,18.0,36.8,98.0,3,5,hyperkalemia (disorder)
41.0,1.0,3.0,2.0,1.0,1.0,3.0,120.0,80.0,74.0,20.0,36.3,98.0,3,4,open wound
55.0,1.0,4.0,2.0,1.0,1.0,4.0,130.0,80.0,86.0,20.0,36.2,96.0,2,4,post neck pain
76.0,1.0,2.0,1.0,1.0,0.0,4.0,130.0,80.0,71.0,20.0,36.3,100.0,2,3,syncope
